{"inputs": [{"range": [4.3, 7.9], "mfs": [["gaussmf", [4.3, 0.764389620259217]], ["gaussmf", [6.1, 0.764389620259217]], ["gaussmf", [7.9, 0.764389620259217]]]}, {"range": [2.0, 4.4], "mfs": [["gaussmf", [2.0, 0.509593080172811]], ["gaussmf", [3.2, 0.509593080172811]], ["gaussmf", [4.4, 0.509593080172811]]]}, {"range": [1.0, 6.9], "mfs": [["gaussmf", [1.0, 1.25274965542483]], ["gaussmf", [3.95, 1.25274965542483]], ["gaussmf", [6.9, 1.25274965542483]]]}, {"range": [0.1, 2.5], "mfs": [["gaussmf", [0.1, 0.509593080172811]], ["gaussmf", [1.3, 0.509593080172811]], ["gaussmf", [2.5, 0.509593080172811]]]}], "outputs": [{"range": [-1.0, 1.0], "mfs": [["linear", [0.0, 0.0, 0.0, 0.0, 0.0]], ["linear", [0.0, 0.0, 0.0, 0.0, 0.0]], ["linear", [0.0, 0.0, 0.0, 0.0, 0.0]], ["linear", [0.0, 0.0, 0.0, 0.0, 0.0]], ["linear", [0.0, 0.0, 0.0, 0.0, 0.0]], ["linear", [0.0, 0.0, 0.0, 0.0, 0.0]], ["linear", [0.0, 0.0, 0.0, 0.0, 0.0]], ["linear", [0.0, 0.0, 0.0, 0.0, 0.0]], ["linear", [0.0, 0.0, 0.0, 0.0, 0.0]], ["linear", [0.0, 0.0, 0.0, 0.0, 0.0]], ["linear", [0.0, 0.0, 0.0, 0.0, 0.0]], ["linear", [0.0, 0.0, 0.0, 0.0, 0.0]], ["linear", [0.0, 0.0, 0.0, 0.0, 0.0]], ["linear", [0.0, 0.0, 0.0, 0.0, 0.0]], ["linear", [0.0, 0.0, 0.0, 0.0, 0.0]], ["linear", [0.0, 0.0, 0.0, 0.0, 0.0]], ["linear", [0.0, 0.0, 0.0, 0.0, 0.0]], ["linear", [0.0, 0.0, 0.0, 0.0, 0.0]], ["linear", [0.0, 0.0, 0.0, 0.0, 0.0]], ["linear", [0.0, 0.0, 0.0, 0.0, 0.0]], ["linear", [0.0, 0.0, 0.0, 0.0, 0.0]], ["linear", [0.0, 0.0, 0.0, 0.0, 0.0]], ["linear", [0.0, 0.0, 0.0, 0.0, 0.0]], ["linear", [0.0, 0.0, 0.0, 0.0, 0.0]], ["linear", [0.0, 0.0, 0.0, 0.0, 0.0]], ["linear", [0.0, 0.0, 0.0, 0.0, 0.0]], ["linear", [0.0, 0.0, 0.0, 0.0, 0.0]], ["linear", [0.0, 0.0, 0.0, 0.0, 0.0]], ["linear", [0.0, 0.0, 0.0, 0.0, 0.0]], ["linear", [0.0, 0.0, 0.0, 0.0, 0.0]], ["linear", [0.0, 0.0, 0.0, 0.0, 0.0]], ["linear", [0.0, 0.0, 0.0, 0.0, 0.0]], ["linear", [0.0, 0.0, 0.0, 0.0, 0.0]], ["linear", [0.0, 0.0, 0.0, 0.0, 0.0]], ["linear", [0.0, 0.0, 0.0, 0.0, 0.0]], ["linear", [0.0, 0.0, 0.0, 0.0, 0.0]], ["linear", [0.0, 0.0, 0.0, 0.0, 0.0]], ["linear", [0.0, 0.0, 0.0, 0.0, 0.0]], ["linear", [0.0, 0.0, 0.0, 0.0, 0.0]], ["linear", [0.0, 0.0, 0.0, 0.0, 0.0]], ["linear", [0.0, 0.0, 0.0, 0.0, 0.0]], ["linear", [0.0, 0.0, 0.0, 0.0, 0.0]], ["linear", [0.0, 0.0, 0.0, 0.0, 0.0]], ["linear", [0.0, 0.0, 0.0, 0.0, 0.0]], ["linear", [0.0, 0.0, 0.0, 0.0, 0.0]], ["linear", [0.0, 0.0, 0.0, 0.0, 0.0]], ["linear", [0.0, 0.0, 0.0, 0.0, 0.0]], ["linear", [0.0, 0.0, 0.0, 0.0, 0.0]], ["linear", [0.0, 0.0, 0.0, 0.0, 0.0]], ["linear", [0.0, 0.0, 0.0, 0.0, 0.0]], ["linear", [0.0, 0.0, 0.0, 0.0, 0.0]], ["linear", [0.0, 0.0, 0.0, 0.0, 0.0]], ["linear", [0.0, 0.0, 0.0, 0.0, 0.0]], ["linear", [0.0, 0.0, 0.0, 0.0, 0.0]], ["linear", [0.0, 0.0, 0.0, 0.0, 0.0]], ["linear", [0.0, 0.0, 0.0, 0.0, 0.0]], ["linear", [0.0, 0.0, 0.0, 0.0, 0.0]], ["linear", [0.0, 0.0, 0.0, 0.0, 0.0]], ["linear", [0.0, 0.0, 0.0, 0.0, 0.0]], ["linear", [0.0, 0.0, 0.0, 0.0, 0.0]], ["linear", [0.0, 0.0, 0.0, 0.0, 0.0]], ["linear", [0.0, 0.0, 0.0, 0.0, 0.0]], ["linear", [0.0, 0.0, 0.0, 0.0, 0.0]], ["linear", [0.0, 0.0, 0.0, 0.0, 0.0]], ["linear", [0.0, 0.0, 0.0, 0.0, 0.0]], ["linear", [0.0, 0.0, 0.0, 0.0, 0.0]], ["linear", [0.0, 0.0, 0.0, 0.0, 0.0]], ["linear", [0.0, 0.0, 0.0, 0.0, 0.0]], ["linear", [0.0, 0.0, 0.0, 0.0, 0.0]], ["linear", [0.0, 0.0, 0.0, 0.0, 0.0]], ["linear", [0.0, 0.0, 0.0, 0.0, 0.0]], ["linear", [0.0, 0.0, 0.0, 0.0, 0.0]], ["linear", [0.0, 0.0, 0.0, 0.0, 0.0]], ["linear", [0.0, 0.0, 0.0, 0.0, 0.0]], ["linear", [0.0, 0.0, 0.0, 0.0, 0.0]], ["linear", [0.0, 0.0, 0.0, 0.0, 0.0]], ["linear", [0.0, 0.0, 0.0, 0.0, 0.0]], ["linear", [0.0, 0.0, 0.0, 0.0, 0.0]], ["linear", [0.0, 0.0, 0.0, 0.0, 0.0]], ["linear", [0.0, 0.0, 0.0, 0.0, 0.0]], ["linear", [0.0, 0.0, 0.0, 0.0, 0.0]]]}], "rules": [[{"connections": [0, 0, 0, 0], "number": "1 (1)", "value": "1"}, {"connections": [0, 0, 0, 1], "number": "2 (1)", "value": "1"}, {"connections": [0, 0, 0, 2], "number": "3 (1)", "value": "1"}, {"connections": [0, 0, 1, 0], "number": "4 (1)", "value": "1"}, {"connections": [0, 0, 1, 1], "number": "5 (1)", "value": "1"}, {"connections": [0, 0, 1, 2], "number": "6 (1)", "value": "1"}, {"connections": [0, 0, 2, 0], "number": "7 (1)", "value": "1"}, {"connections": [0, 0, 2, 1], "number": "8 (1)", "value": "1"}, {"connections": [0, 0, 2, 2], "number": "9 (1)", "value": "1"}, {"connections": [0, 1, 0, 0], "number": "10 (1)", "value": "1"}, {"connections": [0, 1, 0, 1], "number": "11 (1)", "value": "1"}, {"connections": [0, 1, 0, 2], "number": "12 (1)", "value": "1"}, {"connections": [0, 1, 1, 0], "number": "13 (1)", "value": "1"}, {"connections": [0, 1, 1, 1], "number": "14 (1)", "value": "1"}, {"connections": [0, 1, 1, 2], "number": "15 (1)", "value": "1"}, {"connections": [0, 1, 2, 0], "number": "16 (1)", "value": "1"}, {"connections": [0, 1, 2, 1], "number": "17 (1)", "value": "1"}, {"connections": [0, 1, 2, 2], "number": "18 (1)", "value": "1"}, {"connections": [0, 2, 0, 0], "number": "19 (1)", "value": "1"}, {"connections": [0, 2, 0, 1], "number": "20 (1)", "value": "1"}, {"connections": [0, 2, 0, 2], "number": "21 (1)", "value": "1"}, {"connections": [0, 2, 1, 0], "number": "22 (1)", "value": "1"}, {"connections": [0, 2, 1, 1], "number": "23 (1)", "value": "1"}, {"connections": [0, 2, 1, 2], "number": "24 (1)", "value": "1"}, {"connections": [0, 2, 2, 0], "number": "25 (1)", "value": "1"}, {"connections": [0, 2, 2, 1], "number": "26 (1)", "value": "1"}, {"connections": [0, 2, 2, 2], "number": "27 (1)", "value": "1"}, {"connections": [1, 0, 0, 0], "number": "28 (1)", "value": "1"}, {"connections": [1, 0, 0, 1], "number": "29 (1)", "value": "1"}, {"connections": [1, 0, 0, 2], "number": "30 (1)", "value": "1"}, {"connections": [1, 0, 1, 0], "number": "31 (1)", "value": "1"}, {"connections": [1, 0, 1, 1], "number": "32 (1)", "value": "1"}, {"connections": [1, 0, 1, 2], "number": "33 (1)", "value": "1"}, {"connections": [1, 0, 2, 0], "number": "34 (1)", "value": "1"}, {"connections": [1, 0, 2, 1], "number": "35 (1)", "value": "1"}, {"connections": [1, 0, 2, 2], "number": "36 (1)", "value": "1"}, {"connections": [1, 1, 0, 0], "number": "37 (1)", "value": "1"}, {"connections": [1, 1, 0, 1], "number": "38 (1)", "value": "1"}, {"connections": [1, 1, 0, 2], "number": "39 (1)", "value": "1"}, {"connections": [1, 1, 1, 0], "number": "40 (1)", "value": "1"}, {"connections": [1, 1, 1, 1], "number": "41 (1)", "value": "1"}, {"connections": [1, 1, 1, 2], "number": "42 (1)", "value": "1"}, {"connections": [1, 1, 2, 0], "number": "43 (1)", "value": "1"}, {"connections": [1, 1, 2, 1], "number": "44 (1)", "value": "1"}, {"connections": [1, 1, 2, 2], "number": "45 (1)", "value": "1"}, {"connections": [1, 2, 0, 0], "number": "46 (1)", "value": "1"}, {"connections": [1, 2, 0, 1], "number": "47 (1)", "value": "1"}, {"connections": [1, 2, 0, 2], "number": "48 (1)", "value": "1"}, {"connections": [1, 2, 1, 0], "number": "49 (1)", "value": "1"}, {"connections": [1, 2, 1, 1], "number": "50 (1)", "value": "1"}, {"connections": [1, 2, 1, 2], "number": "51 (1)", "value": "1"}, {"connections": [1, 2, 2, 0], "number": "52 (1)", "value": "1"}, {"connections": [1, 2, 2, 1], "number": "53 (1)", "value": "1"}, {"connections": [1, 2, 2, 2], "number": "54 (1)", "value": "1"}, {"connections": [2, 0, 0, 0], "number": "55 (1)", "value": "1"}, {"connections": [2, 0, 0, 1], "number": "56 (1)", "value": "1"}, {"connections": [2, 0, 0, 2], "number": "57 (1)", "value": "1"}, {"connections": [2, 0, 1, 0], "number": "58 (1)", "value": "1"}, {"connections": [2, 0, 1, 1], "number": "59 (1)", "value": "1"}, {"connections": [2, 0, 1, 2], "number": "60 (1)", "value": "1"}, {"connections": [2, 0, 2, 0], "number": "61 (1)", "value": "1"}, {"connections": [2, 0, 2, 1], "number": "62 (1)", "value": "1"}, {"connections": [2, 0, 2, 2], "number": "63 (1)", "value": "1"}, {"connections": [2, 1, 0, 0], "number": "64 (1)",