{"inputs": [{"range": [4.3, 7.9], "mfs": [["gaussmf", [4.37531540162714, 0.854530005717575]], ["gaussmf", [6.094529067108, 0.69878766017976]], ["gaussmf", [7.88379453491342, 0.747991283085191]]]}, {"range": [2.0, 4.4], "mfs": [["gaussmf", [1.98816748983381, 0.427219866533188]], ["gaussmf", [3.21018936688146, 0.426540985486991]], ["gaussmf", [4.33249902177964, 0.586839428666495]]]}, {"range": [1.0, 6.9], "mfs": [["gaussmf", [1.0120021953451, 1.26294322619014]], ["gaussmf", [3.92238353782445, 1.18815780229168]], ["gaussmf", [6.91625281999764, 1.18686655972051]]]}, {"range": [0.1, 2.5], "mfs": [["gaussmf", [0.122848578940821, 0.545324414349361]], ["gaussmf", [1.22680755138137, 0.107652643858273]], ["gaussmf", [2.5506189332926, 0.287395808460947]]]}], "outputs": [{"range": [-1.0, 1.0], "mfs": [["linear", [-0.732476335752414, -0.119661240303741, -0.278055983630788, 0.359469806281559, 0.318434103394198]], ["linear", [-0.643098166980738, -0.74067442431624, -1.67388218939176, -1.39988337628685, -3.47392980940027]], ["linear", [-0.0399103743868131, -0.0605746777154468, -0.171256466080031, -0.106576735608859, -0.164596790968903]], ["linear", [0.280380604052187, -0.778498824904694, 0.0903959157790138, 0.459452688418981, -0.175392071102049]], ["linear", [0.0391150795005359, 0.869322472858865, 1.75377335175228, 3.78117962741666, -2.30632580637191]], ["linear", [-0.56336573675337, -0.174229033553271, -1.53894447775215, -2.24621781228644, -0.940611121175467]], ["linear", [0.431950127478784, 0.673611612558825, 2.57718032739654, 1.1647136129844, 2.77845180189135]], ["linear", [0.422992816055778, 0.631306722073024, 2.4290361275256, 1.16107423298138, 2.33809082344064]], ["linear", [0.638501742866901, 1.31158957881334, 3.56198225292206, 1.3093385333063, 3.86901311372719]], ["linear", [0.531817742370792, 0.117578245225793, 0.039230955774463, 0.213885288559659, -0.05308813158547]], ["linear", [0.599877955965817, 0.783260111157802, 2.438530614896, 1.94160568864548, 3.16690102367202]], ["linear", [0.0704191568360946, 0.120209510827352, 0.299505420739058, 0.292258954138858, 0.463555000917005]], ["linear", [0.208639161406483, -0.893209189446928, -0.0108183694251985, -0.450445632622513, 0.532776240101088]], ["linear", [0.93322454097548, 2.98010293888088, -3.74776664786065, 3.44398271590841, -1.51218508046738]], ["linear", [-0.186359368421575, -0.254566305955609, -3.55682280538363, 4.71999820015368, 0.608911846829511]], ["linear", [0.391506170986427, 0.80422593505846, 2.43741234063628, 0.765829287928423, 2.20603235546792]], ["linear", [-0.584812144672401, -0.493299974973123, -2.39208625357332, -1.7346633475176, -2.86013416748985]], ["linear", [-0.200983816873581, 0.327427251254647, 0.206729552972083, 0.323041929793425, -0.453096308577653]], ["linear", [-0.219007046538949, -0.234508670750622, -0.583372784699271, -0.0791283817346818, 0.400608001633262]], ["linear", [0.0955100864686089, 0.127783979742376, 0.366915869279386, 0.303000149900841, 0.508799759508922]], ["linear", [0.029150404519943, 0.0542893819057104, 0.139334229693645, 0.0965409348550008, 0.168477785675067]], ["linear", [0.0730150323217803, 0.994196224752888, -2.37800537674993, 1.21260277430627, 0.721083010524404]], ["linear", [0.683310839748692, 1.0615690539432, 2.09240474798188, 2.26304735073104, 3.25224212052803]], ["linear", [1.71997714258564, 3.24640663058766, 8.00904985190364, 5.90034262641128, 9.74254527452145]], ["linear", [-0.116408031985234, -0.158142934773613, -0.487157631179921, -0.436646954412977, -0.659291284694749]], ["linear", [-0.0395210348906746, -0.0364906685417024, -0.192562547189296, -0.120830568037283, -0.217384812880162]], ["linear", [0.343638290631164, 0.791118298148397, 1.65089831982202, 1.19826850512042, 1.88871777094236]], ["linear", [0.127675764990134, -0.680819706505729, -1.3118329719869, 0.733196636829594, 0.159888642103286]], ["linear", [0.0336221874572318, 0.0741282231309076, 0.307894851796272, 0.61332320798657, 0.824996845266121]], ["linear", [0.0836789400081067, 0.166013347470812, 0.348035711525823, 0.231731795809036, 0.468019759201463]], ["linear", [0.125084386520473, 0.280632906712929, 1.64183916686363, -3.8946805702782, 0.492686651608646]], ["linear", [-0.278453791845008, 0.0570420505725834, -2.98255197174, 2.59522678630461, 0.58250058365605]], ["linear", [0.536005391154186, 1.31405993026309, 0.717390315470632, 1.12026508655779, -1.70807103473404]], ["linear", [0.0601498626063495, 1.28124647184694, 2.42147258555624, -0.681975212963395, -2.09392665929855]], ["linear", [0.1308296743475, -0.86761043136342, 2.1999030471376, -0.0890834776239289, -0.824944117956156]], ["linear", [0.266290929119389, -3.14314680104431, 1.74405948434857, -0.282492090259604, -0.855528123774679]], ["linear", [0.642248603566351, 0.112921746296681, -0.384375969070319, -0.378365761920076, 0.347038216339466]], ["linear", [0.796994819032093, 0.484024349427714, 1.78531286698061, 2.17763392960919, 3.94855096661605]], ["linear", [0.376391090916739, 0.59327033001456, 1.478523392311, 1.1104992705056, 2.08023482679573]], ["linear", [0.028356903869968, -0.452629555798699, -1.02840830657452, 0.140267279824229, 0.774788464875037]], ["linear", [-0.958527143157046, -0.28749393469086, 9.27614015060087, -2.44875016057518, -5.05158416940798]], ["linear", [-0.121142241134138, 1.24894260312828, -3.21885160617027, -3.36306007957847, 3.13477558594812]], ["linear", [-0.367587451119714, 4.52532853326724, -0.165731405629117, 0.0675231113022704, -1.99057730966046]], ["linear", [0.564738702698731, -2.67640064130923, -1.26888157710946, 1.23368922356945, -0.997199953444437]], ["linear", [1.40831177580095, -0.221616398107126, -1.68330946710729, 2.28026551173852, 0.541326345300023]], ["linear", [0.223565384278874, 0.0884925472015718, 0.579117642753582, -0.248027304073771, 0.176729042581022]], ["linear", [0.111110369039722, 0.136897316173439, 0.358656871143194, 0.354007820875757, 0.602614360471314]], ["linear", [0.045943669379208, 0.0762104955784165, 0.197366569865573, 0.143937917482392, 0.204849083891588]], ["linear", [-0.189420524241456, 0.444886063968435, -2.0418518267765, -0.0511059466762031, 0.389455673138595]], ["linear", [0.0843041250771668, 0.265329476175634, -0.11779392528705, 0.140401557197853, 0.202776425641782]], ["linear", [0.398775633885803, 1.3824148661544, 0.813152542031537, 1.57698215677126, -1.60522700576585]], ["linear", [0.298051028025455, 0.676024863714702, 1.13591650737376, 0.990205842120388, 2.51178208682063]], ["linear", [-0.284533945134263, -0.615884081575161, -1.66014194020895, -1.0188947613647, -2.1709938705853]], ["linear", [-0.157991331663103, 1.27313916791992, -1.22042891579039, -0.459537300653943, -1.04845468806989]], ["linear", [0.014558328516657, 0.0185817448920175, 0.0610811985572678, 0.0221420858635426, 0.0963575927365459]], ["linear", [-0.0240199622164446, -0.0230651069476188, -0.0978704036806411, -0.0881844506960613, -0.168765655407982]], ["linear", [-0.00380551390191865, -0.00927872788823117, -0.019434016745308, -0.00483714931303426, -0.0239658336152345]], ["linear", [-0.320638909914235, -0.462977866129217, -2.12288400041225, -1.33707443822227, -1.59147374709621]], ["linear", [0.296695540129512, 0.61374202861031, 2.02514067991999, 0.355853186689143, 2.96637091268997]], ["linear", [0.0187700413335925, -0.736987484850378, 0.502103285702424, 0.170564775717795, 0.91639889350503]], ["linear", [-0.209577675907985, -0.115747944336031, -1.34042663225535, -0.711541286874946, -1.2906549508204]], ["linear", [0.106687075741495, 0.0058914242148159, 0.481073333194225, 0.289099459327416, 1.11680164970335]], ["linear", [-0.029449285351444, -1.2481302239518, -0.767197466798961, -1.57573172987126, 1.33462669149179]], ["linear", [-0.160186040017442, -0.0879366438736341, -0.55685721111175, -0.573586771827744, -0.992163548072422]], ["linear", [-0.131308009316767, -0.082051482395187, -0.504038697276645, -0.278725663680111, -0.740055742482435]], ["linear", [-0.0349333585629506, -0.144509318910076, -0.142715211292846, 